{"position":[4.8386187,45.7542305],"zoom":13}