{"id":1,"position":[45.736903,4.815057]}
{"id":2,"position":[45.746606,4.826917]}
{"id":3,"position":[45.769736,4.831356]}